engine_id,designation,assertions,missing_entries,topology_nodes,topology_edges,identity,propellants,performance,thrust_chamber,nozzle,injector,cooling,feed_system,pumps,turbines,gg_preburner,pressurization,ignition_start,control,mechanical,materials_manufacturing,test_history
ENG-CN-YF-100,YF-100,20,5,8,9,well,partial,partial,not_reported,not_reported,not_reported,not_reported,partial,weak,not_reported,weak,not_reported,weak,not_reported,not_reported,not_reported,partial
ENG-CN-YF-77,YF-77,22,5,4,4,well,partial,partial,not_reported,not_reported,not_reported,not_reported,not_reported,weak,not_reported,weak,not_reported,not_reported,weak,not_reported,not_reported,partial
ENG-DE-A4-ENGINE,A-4 (V-2) main engine,18,6,10,10,partial,partial,weak,not_reported,not_reported,partial,partial,not_reported,weak,weak,partial,not_reported,not_reported,weak,not_reported,not_reported,weak
ENG-FR-HM7B,HM7B,12,13,3,0,well,not_reported,partial,not_reported,not_reported,not_reported,weak,not_reported,not_reported,not_reported,weak,not_reported,not_reported,not_reported,not_reported,not_reported,not_reported
ENG-FR-VIKING-5C,Viking 5C,11,5,6,4,well,well,weak,not_reported,not_reported,not_reported,not_reported,not_reported,weak,not_reported,weak,not_reported,not_reported,not_reported,not_reported,not_reported,weak
ENG-FR-VINCI,Vinci,10,16,4,3,well,partial,partial,not_reported,weak,not_reported,not_reported,not_reported,weak,not_reported,not_reported,not_reported,not_reported,not_reported,weak,not_reported,weak
ENG-FR-VULCAIN-2,Vulcain 2,34,19,7,6,well,partial,partial,not_reported,partial,not_reported,weak,not_reported,partial,not_reported,weak,not_reported,not_reported,not_reported,not_reported,weak,partial
ENG-IN-CE-20,CE-20,13,6,7,7,well,partial,partial,not_reported,not_reported,not_reported,not_reported,not_reported,weak,weak,partial,not_reported,not_reported,not_reported,weak,not_reported,not_reported
ENG-IN-CE-7-5,CE-7.5,12,5,6,1,well,weak,partial,not_reported,not_reported,not_reported,not_reported,not_reported,not_reported,not_reported,weak,not_reported,not_reported,partial,not_reported,not_reported,not_reported
ENG-IN-VIKAS,Vikas,18,6,4,4,well,well,partial,not_reported,not_reported,not_reported,not_reported,not_reported,weak,not_reported,weak,not_reported,not_reported,not_reported,not_reported,not_reported,partial
ENG-JP-LE-5B,LE-5B,16,6,7,6,well,partial,partial,not_reported,not_reported,not_reported,weak,not_reported,partial,not_reported,not_reported,not_reported,not_reported,partial,partial,not_reported,not_reported
ENG-JP-LE-5B-2,LE-5B-2,13,3,7,5,well,not_reported,partial,not_reported,not_reported,partial,weak,weak,not_reported,not_reported,not_reported,not_reported,not_reported,partial,weak,not_reported,weak
ENG-JP-LE-7A,LE-7A,25,11,7,9,well,well,partial,not_reported,not_reported,not_reported,not_reported,not_reported,partial,not_reported,partial,not_reported,not_reported,weak,not_reported,not_reported,weak
ENG-JP-LE-9,LE-9,23,7,8,6,well,partial,partial,weak,not_reported,not_reported,not_reported,not_reported,weak,not_reported,not_reported,not_reported,not_reported,weak,weak,weak,partial
ENG-KR-KRE-075,KRE-075,24,5,8,8,well,well,partial,not_reported,not_reported,weak,not_reported,not_reported,not_reported,weak,weak,not_reported,not_reported,weak,not_reported,not_reported,weak
ENG-NZ-RUTHERFORD,Rutherford,14,17,6,4,not_reported,not_reported,weak,not_reported,not_reported,not_reported,not_reported,partial,weak,not_reported,not_reported,not_reported,not_reported,not_reported,weak,partial,not_reported
ENG-NZ-RUTHERFORD-VACUUM,Rutherford Vacuum,6,18,0,0,not_reported,not_reported,weak,not_reported,not_reported,not_reported,not_reported,not_reported,not_reported,not_reported,not_reported,not_reported,not_reported,not_reported,not_reported,not_reported,not_reported
ENG-RU-RD-0124,RD-0124 (14D23),13,7,6,5,partial,not_reported,partial,weak,not_reported,not_reported,weak,not_reported,not_reported,not_reported,weak,not_reported,not_reported,weak,not_reported,not_reported,weak
ENG-RU-RD-171M,RD-171M,15,9,0,0,partial,not_reported,well,weak,not_reported,not_reported,not_reported,not_reported,not_reported,not_reported,not_reported,not_reported,not_reported,not_reported,partial,not_reported,not_reported
ENG-RU-RD-180,RD-180,29,16,3,2,partial,partial,partial,weak,weak,not_reported,not_reported,not_reported,not_reported,not_reported,not_reported,not_reported,not_reported,weak,partial,not_reported,not_reported
ENG-SU-NK-33,NK-33,17,7,5,3,partial,not_reported,partial,not_reported,not_reported,not_reported,weak,not_reported,weak,not_reported,weak,not_reported,not_reported,not_reported,not_reported,not_reported,weak
ENG-SU-RD-0120,RD-0120 (11D122),14,7,7,5,partial,partial,partial,not_reported,not_reported,weak,not_reported,not_reported,weak,not_reported,partial,not_reported,not_reported,not_reported,not_reported,not_reported,weak
ENG-SU-RD-107A,RD-107A (14D22),17,7,13,12,partial,partial,partial,weak,not_reported,not_reported,not_reported,weak,not_reported,weak,weak,weak,weak,weak,not_reported,not_reported,not_reported
ENG-SU-RD-108A,RD-108A (14D21),14,7,15,14,partial,partial,partial,weak,not_reported,not_reported,not_reported,weak,not_reported,weak,weak,weak,weak,weak,not_reported,not_reported,not_reported
ENG-SU-RD-170,RD-170 (11D521),26,8,13,16,partial,partial,partial,weak,not_reported,not_reported,weak,partial,partial,weak,partial,not_reported,weak,not_reported,not_reported,not_reported,weak
ENG-SU-RD-270,RD-270 (8D420),12,9,7,8,partial,partial,partial,not_reported,not_reported,not_reported,not_reported,not_reported,not_reported,not_reported,partial,not_reported,not_reported,not_reported,not_reported,not_reported,weak
ENG-US-AJ10-137,AJ10-137,5,22,7,7,partial,not_reported,not_reported,not_reported,not_reported,not_reported,not_reported,not_reported,not_reported,not_reported,not_reported,weak,not_reported,weak,not_reported,not_reported,not_reported
ENG-US-AJ10-190,AJ10-190,2,22,7,7,weak,not_reported,not_reported,not_reported,not_reported,not_reported,not_reported,not_reported,not_reported,not_reported,not_reported,weak,not_reported,weak,not_reported,not_reported,not_reported
ENG-US-BE-3PM,BE-3PM,4,20,0,0,not_reported,not_reported,weak,not_reported,not_reported,not_reported,not_reported,not_reported,not_reported,not_reported,not_reported,not_reported,not_reported,not_reported,not_reported,not_reported,not_reported
ENG-US-BE-3U,BE-3U,6,19,0,0,not_reported,not_reported,weak,not_reported,not_reported,not_reported,not_reported,not_reported,not_reported,not_reported,not_reported,not_reported,not_reported,not_reported,not_reported,not_reported,not_reported
ENG-US-BE-4,BE-4,17,21,5,4,partial,partial,weak,not_reported,not_reported,not_reported,not_reported,not_reported,not_reported,weak,weak,weak,not_reported,not_reported,not_reported,not_reported,not_reported
ENG-US-F-1,F-1,34,5,10,13,well,partial,partial,partial,partial,not_reported,partial,partial,partial,partial,weak,weak,partial,not_reported,partial,weak,not_reported
ENG-US-H-1,H-1,29,5,10,12,partial,weak,partial,not_reported,weak,not_reported,not_reported,weak,partial,partial,weak,not_reported,partial,not_reported,partial,weak,not_reported
ENG-US-IPD,Integrated Powerhead Demonstrator,13,20,5,4,partial,not_reported,weak,not_reported,not_reported,not_reported,not_reported,not_reported,weak,not_reported,partial,not_reported,not_reported,not_reported,not_reported,not_reported,partial
ENG-US-J-2,J-2,50,7,16,16,well,well,partial,weak,partial,weak,not_reported,partial,partial,partial,weak,not_reported,partial,partial,partial,not_reported,weak
ENG-US-J-2S,J-2S,16,4,6,5,partial,weak,partial,not_reported,not_reported,weak,not_reported,weak,weak,weak,not_reported,not_reported,not_reported,weak,weak,not_reported,partial
ENG-US-LMDE,LMDE,5,22,5,5,partial,not_reported,weak,not_reported,not_reported,not_reported,not_reported,not_reported,not_reported,not_reported,not_reported,weak,not_reported,not_reported,not_reported,not_reported,weak
ENG-US-LR87-AJ-5,LR87-AJ-5,23,5,15,17,partial,partial,partial,weak,weak,not_reported,weak,partial,weak,weak,weak,partial,partial,not_reported,weak,not_reported,not_reported
ENG-US-MERLIN-1D,Merlin 1D,17,14,6,3,partial,partial,weak,not_reported,not_reported,weak,not_reported,not_reported,weak,not_reported,weak,not_reported,weak,not_reported,not_reported,not_reported,not_reported
ENG-US-R-4D-11,R-4D-11,10,18,2,0,partial,not_reported,partial,not_reported,not_reported,not_reported,not_reported,not_reported,not_reported,not_reported,not_reported,not_reported,not_reported,not_reported,weak,not_reported,not_reported
ENG-US-RAPTOR-2,Raptor 2,8,19,0,0,not_reported,not_reported,weak,not_reported,not_reported,not_reported,not_reported,not_reported,not_reported,not_reported,not_reported,not_reported,not_reported,not_reported,weak,not_reported,not_reported
ENG-US-RAPTOR-3,Raptor 3,9,9,0,0,partial,weak,weak,not_reported,not_reported,not_reported,not_reported,not_reported,not_reported,not_reported,weak,not_reported,not_reported,not_reported,partial,not_reported,not_reported
ENG-US-RL10A-4-2,RL10A-4-2,17,7,11,12,well,partial,partial,not_reported,partial,not_reported,not_reported,weak,weak,weak,not_reported,not_reported,not_reported,weak,not_reported,not_reported,not_reported
ENG-US-RL10B-2,RL10B-2,22,5,4,1,well,partial,partial,not_reported,partial,not_reported,not_reported,not_reported,not_reported,not_reported,not_reported,not_reported,not_reported,not_reported,partial,partial,not_reported
ENG-US-RS-68A,RS-68A,23,17,9,4,partial,not_reported,partial,not_reported,partial,not_reported,not_reported,not_reported,not_reported,weak,weak,not_reported,weak,weak,not_reported,not_reported,not_reported
ENG-US-SSME-BLOCK-II,RS-25D,62,10,25,32,partial,partial,partial,weak,partial,weak,partial,partial,partial,partial,weak,weak,weak,partial,partial,weak,not_reported
