conflict_id,engine_id,field,resolved,claims,explanation
CF-R2_US_CLASSIC-RS-1,ENG-US-SSME-BLOCK-II,nozzle.area_ratio,True,69:1 [SRC-L3HARRIS-RS25-SPEC] | 69.5:1 large throat; 77.5:1 original [SRC-NTRS-19860012108] | 78:1 (current infobox) / 69:1 (older SSME article) [SRC-WIKI-RS25],Large-throat MCC (Block IIA onward) reduced area ratio 77.5 -> 69.5 with nozzle unchanged; 69:1 is a rounding of 69.5; 77.5/78 belong to pre-Block IIA engines.
CF-R2_US_CLASSIC-RS-2,ENG-US-SSME-BLOCK-II,mechanical.mass_dry,False,"7,774 lb [SRC-L3HARRIS-RS25-SPEC] | 7,775 lb [SRC-L3HARRIS-RS25-WEB] | 7,004 lb (RS-25D) [SRC-WIKI-RS25]",~770 lb gap; definitions (dry vs with SLS adaptations/controller) unknown. +300 lb P&W HPFTP alone does not explain it.
CF-R2_US_CLASSIC-RS-3,ENG-US-SSME-BLOCK-II,propellants.mixture_ratio,True,6.03 [SRC-L3HARRIS-RS25-SPEC] | 6.0 [SRC-L3HARRIS-RS25-WEB],Rounding.
CF-R2_US_CLASSIC-RS-4,ENG-US-SSME-BLOCK-II,performance.pc,False,"2,870 psia @104.5% (Block II); 2,994 @109% (Block IIA); 3,291 @109% (Block I) [SRC-NASA-HOPSON-STS104-FRR-2001] | ~2,747 @RPL; ~2,870 @104.5%; 2,994 @109% [SRC-IBIBLIO-SSMEOVERVIEW] | 2,994 psia [SRC-L3HARRIS-RS25-SPEC] | 3,285 -> 3,010 psia @109% for large throat [SRC-NTRS-19860012108]","Not a true conflict: power level and throat size differ. Large-throat study's predicted 3,010 psia vs flown 2,994 psia differ slightly (study vs hardware). Block I 3,291 vs study 3,285 small-throat."
CF-R2_US_CLASSIC-RS-5,ENG-US-SSME-BLOCK-II,pumps.HPOTP.speed/power,False,"28,120 rpm, 23,260 hp [SRC-WIKI-RS25] | 26,800 hp (LOX pump) [SRC-SFN-SSMEBLOCK2-2001] | almost 30,000 rpm (older briefing) [SRC-IBIBLIO-SSMEOVERVIEW]",Different blocks (Rocketdyne vs P&W ATD HPOTP) and power levels; none tied to an operating point.
CF-R2_US_CLASSIC-RS-6,ENG-US-SSME-BLOCK-II,pumps.HPFTP.speed_rpm,False,"36,200 rpm (P&W HPFTP) [SRC-FORUM-BITOG-PWHPFTP] | 35,000 rpm (Block 1-era Rocketdyne pump; source among news hits unclear) [SRC-SFN-SSMEBLOCK2-2001]",Different pumps (Rocketdyne vs P&W); both secondary.
CF-R2_US_CLASSIC-RS-7,ENG-US-SSME-BLOCK-II,turbines.HPFT.discharge_temperature@104.5,False,"1,615 R (Block II row) [SRC-NASA-HOPSON-STS104-FRR-2001] | 1,601 R (other row; label jumbled) [SRC-NASA-HOPSON-STS104-FRR-2001]",Intra-document; summary says text extraction is jumbled. Needs the original slide.
CF-R2_US_CLASSIC-A42-1,ENG-US-RL10A-4-2,nozzle.area_ratio,False,85:1 [SRC-AIAA-VEHGUIDE-ATLAS] | 84:1 (A-4/A-4-1 rows; A-4-2 row truncated) [SRC-WIKI-RL10],Possibly rounding or different definition; unresolved.
CF-R2_US_CLASSIC-A42-2,ENG-US-RL10A-4-2,performance.thrust_vac/isp_vac,False,"22,300 lbf / 451.0 s [SRC-L3HARRIS-RL10-SPEC] | 450.5 s; single-engine avg 22.9 klbf [SRC-AIAA-VEHGUIDE-ATLAS] | 10.115 t (=22,300 lbf DERIVED) [SRC-NASA-SMA-SLR-DATASHEET]",Isp differs by 0.5 s; 22.9 klbf single-engine average unexplained (different rating or averaging).
CF-R2_US_CLASSIC-B2-1,ENG-US-RL10B-2,performance.pc,False,633 psi (text) [SRC-NAP-11780] | 644 psia (table) [SRC-NAP-11780] | 32.1 bar / 465 psi [SRC-AIAA-VEHGUIDE-DELTA],"Intra-document NAP conflict (round-1 CF-03); AIAA value identical to its RL10A-4-2 entry, likely copy error."
CF-R2_US_CLASSIC-B2-2,ENG-US-RL10B-2,performance.thrust_vac,True,"24,750 lb [SRC-ULA-DIV-INAUGURAL] | 24,740 lb [SRC-SPACELINE-DIV] | 24,800 lbf (110.1 kN) [SRC-WIKI-RL10]",Rounding/conversion; ULA value preferred.
CF-R2_US_CLASSIC-B2-3,ENG-US-RL10B-2,performance.isp_vac,False,465.5 (text) / 466.5 (table) [SRC-NAP-11780] | 462 (Delta III DCSS) [SRC-WIKI-DCSS],462 may be Delta III-era or stage-level.
CF-R2_US_CLASSIC-B2-4,ENG-US-RL10B-2,mechanical.gimbal_actuation / mass_dry,False,electro-mechanical; 301 kg (277 kg older revision) [SRC-WIKI-RL10] | hydraulic nozzle gimbal (stage) [SRC-AIAA-VEHGUIDE-DELTA],Engine vs stage description; mass revision changed.
CF-R2_US_CLASSIC-J2-1,ENG-US-J-2,performance.thrust_vac,False,"up to 230,000 lb [SRC-NTRS-20100027318] | 225,000 lb at MR 5.5 [SRC-DTIC-AEDC-J2-SET] | up to 225,000 lb [SRC-NASA-ALSJ-CSM02] | 232,250 lbf (SA-208/504) [SRC-WIKI-J2] | 200,000-230,000 [SRC-NASM-J2]",Successive ratings under one designation; operating point (MR) and flight effectivity needed.
CF-R2_US_CLASSIC-J2-2,ENG-US-J-2,performance.pc,False,a little over 700 psia [SRC-NTRS-20100027318] | 763 psi [SRC-WIKI-J2],Compatible if 763 belongs to a later rating; not resolved.
CF-R2_US_CLASSIC-J2-3,ENG-US-J-2,mechanical.mass,False,"3,942 lb dry [SRC-WIKI-J2] | 3,480 lb [SRC-PURDUE-J2] | 3,170 lb unfuelled [SRC-ASTRONAUTIX-J2]",Definitions/ratings differ.
CF-R2_US_CLASSIC-J2-4,ENG-US-J-2,performance.isp_vac,False,425 s [SRC-NTRS-20120016414] | 421 s (SA-208/504) [SRC-WIKI-J2],Rating/MR dependent.
CF-R2_US_CLASSIC-F1-1,ENG-US-F-1,performance.pc,False,"70 bar (1,015 psi) [SRC-WIKI-F1] | 982 psi [SRC-PURDUE-F1]","Measurement station (injector vs nozzle stagnation) or rating may differ; 1,125 psia hint unconfirmed."
CF-R2_US_CLASSIC-F1-2,ENG-US-F-1,mechanical.mass,False,"~18,500 lb dry [SRC-ENGINEHISTORY-RPE0812] | 18,616 lb [SRC-PURDUE-F1]",Dry vs burnout/with fluids unknown.
CF-R2_US_CLASSIC-F1-3,ENG-US-F-1,turbines.T.speed_rpm,True,"5,500 rpm [SRC-WIKI-F1] | 91.5 rev/s -> 5,490 rpm DERIVED [SRC-ENGINEHISTORY-F1]",Consistent within rounding.
CF-R2_US_CLASSIC-F1-4,ENG-US-F-1,pumps.TP.flow_total,False,"42,500 gpm [SRC-NASM-F1] | 15,471 + 24,811 = 40,282 gpm DERIVED [SRC-WIKI-F1]",~5% gap; rating or rounding.
CF-R2_US_CLASSIC-H1-1,ENG-US-H-1,performance.thrust_sl,True,"188,000 lb [SRC-NTRS-19650013470] | 200,000 (infobox) / 205,000 (text) [SRC-WIKI-H1] | 205,000 [SRC-PURDUE-H1]",Successive ratings; split into variant records.
CF-R2_US_CLASSIC-H1-2,ENG-US-H-1,performance.isp_sl / mass,False,"255 s; 2,200 lb [SRC-WIKI-H1] | 263 s; 2,009 lb [SRC-PURDUE-H1]",Rating not specified by either.
CF-R2_US_CLASSIC-LR-1,ENG-US-LR87-AJ-5,mechanical.gimbal_range,False,5 deg (one page) [SRC-TMS-TITAN2] | 4 deg (another page) [SRC-TMS-TITAN2],Intra-site inconsistency.
CF-R2_US_CLASSIC-LR-2,ENG-US-LR87-AJ-5,identity.engine_count,True,"twin motors considered a single unit [SRC-WIKI-LR87] | shared components; only fireable as a unit [SRC-WIKITALK-LR87] | one engine assembly, two chambers, two TPAs [SRC-TMS-TITAN2]",Modelling question rather than factual conflict: record as one engine with chambers=2.
CF-R2_USSR-R2-1,ENG-SU-RD-170,preburners.count,True,"2 preburners driving 1 TPA [SRC-NTRS-19910018906] | single-shaft, single-turbine TP (count of preburners not stated) [SRC-WIKI-RD170] | RD-180 uses 'the preburner' of RD-170 (singular) [SRC-NEWSPACEECON-RD180]",Tier A NTRS slides state 2 preburners; Wiki's single turbine is compatible (2 PB -> 1 turbine). The singular wording in a Tier E article is not counter-evidence. Resolved to 2 pending opening the PDF.
CF-R2_USSR-R2-2,ENG-SU-RD-170,of,False,2.58 [SRC-NTRS-19910018906] | 2.63 [SRC-WIKI-RD170],Different conventions (engine vs chamber) or variant (RD-170 vs RD-171) possible. Unresolved.
CF-R2_USSR-R2-3,ENG-SU-RD-170,pc,False,250 kgf/cm2 (24.5 MPa) [SRC-NTRS-19910018906] | 266.7 bar [SRC-NAKEDSCI-RAPTOR] | >280 bar margin claim [SRC-SNOB-172276],250 kgf/cm2 matches RD-171M Glavkosmos value; 266.7 bar is journalism (could be pre-injector or a different mode). Margin claim is a different value kind.
CF-R2_USSR-R2-4,ENG-SU-NK-33,pc / thrust,False,"2,109 psi; 338 klbf SL; 377 klbf vac [SRC-NAS-DEPS-068011] | 14.83 MPa (2,151 psi); 1510 kN SL (~340 klbf); 1680 kN vac [SRC-WIKI-NK33] | 2,109 psia; 339,000 lbf labelled 'vacuum' [SRC-PURDUE-AJ26]",Aerojet slide may describe AJ26 rating; Wiki may describe stock NK-33. Purdue 'vacuum' label likely error (matches SL). Unresolved.
CF-R2_USSR-R2-5,ENG-SU-NK-33,aliases.index,False,14D15 [SRC-NAKEDSCI-NK33] | 14D15 (search-summary rendering of Wiki) [SRC-WIKI-NK33],Round-1 recall 11D111 for NK-33 has no source; 14D15 may be NK-33A. Cross-ref round-1 CF-12. Unresolved.
CF-R2_USSR-R2-6,ENG-SU-RD-0120,pc,False,210 kgf/cm2 = 20.6 MPa at 100% [SRC-JAXA-61856043] | 21.9 MPa (operating point not stated) [SRC-WIKI-RD0120],21.9 MPa may be the 106% mode or a different station. Unresolved.
CF-R2_USSR-R2-7,ENG-RU-RD-0124,control.gimbal,False,engine gimballed in two planes [SRC-RSW-RD0124] | each of 4 chambers gimbals on a single axis [SRC-WIKI-RD0124],Both could be true (4 single-axis chambers giving 2-plane vehicle control). Unresolved semantics.
CF-R2_USSR-R2-8,ENG-RU-RD-0124,dimensions,True,"~2,327 x 1,470 mm 'roughly same as RD-0110' (design intent) [SRC-RSW-RD0124]","Round-1 treated as contamination. R2: it is an RSW design-intent statement, not a measured RD-0124 value. Keep out of key_values."
CF-R2_USSR-R2-9,ENG-DE-A4-ENGINE,h2o2_concentration / catalyst,False,85%; Ca/K/Na permanganate [SRC-ENGINEHISTORY-RPE02-2] | 80% test strength [SRC-V2ROCKETHISTORY] | Z-Stoff = 27% sodium permanganate solution [SRC-NASM-A19600013000],Unresolved; needs period documents.
CF-R2_USSR-R2-10,ENG-DE-A4-ENGINE,propellant_consumed,False,"9,700 kg / 62 s [SRC-NASM-A19600013000] | 9,000 kg / 60 s [SRC-NASM-A19790951000]","Same institution, two records. Unresolved."
CF-R2_USSR-R2-11,ENG-SU-RD-107A,thrust_vac,False,"1,021.3 kN [SRC-WIKI-SOYUZFG] | 1,019.93 kN [SRC-WIKI-SOYUZ-CSG] | 1,020 kN [SRC-WIKI-RD107]",Rounding/edition differences; Soyuz User's Manual (Tier A) should arbitrate.
CF-R2_USSR-R2-12,ENG-SU-RD-216,aliases.index,True,RD-216U = 8D514U; RD-215 = 8D513 [SRC-WIKI-RD215] | 11D614 [round-1 ussr (unsourced)],Round-1 alias had no source; dropped.
CF-R2_USSR-R2-13,ENG-SU-RD-263,thrust_vac,False,1128 kN / 1130 kN [SRC-WIKI-RD263],Two figures in Wiki-family pages.
CF-R2_USSR-R2-14,ENG-SU-RD-264,aliases.index,True,RD-263 = 15D117; RD-264 = 15D119 [SRC-WIKI-RD263] | RD-264 = 15D117 [round-1 ussr],Round-1 attached unit index to module. Corrected.
CF-R2_USSR-R2-15,ENG-RU-S5-92,aliases.index,True,17D61 [round-1 ussr (unsourced)] | 17D61 = Ikar control module using S5.144 [SRC-WIKI-KBKHM],17D61 is not S5.92. Dropped.
CF-R2_USSR-R2-16,ENG-RU-S5-92,starts / isp,False,"up to 20 starts [SRC-STARSEM-ST07] | 50 starts; 327/316 s [SRC-WIKI-S592] | 323 / 329 s; 1,400 / 2,000 kg [SRC-RSW-FREGAT]",Unresolved.
CF-R2_USSR-R2-17,ENG-SU-RD-270,history.end,False,1968 (en) vs 1970-12-31 (ja) [SRC-WIKI-RD270],Language editions disagree.
CF-R2_USSR-R2-18,ENG-RU-S5-98M,isp_vac,False,328.6 s [SRC-WIKI-S598M] | 326 s [SRC-WIKI-S598M (other summarised source)],Unresolved.
CF-R2_USSR-R2-19,ENG-SU-11D58M,thrust_vac / isp_vac,False,"79.46 kN, 353 s (infobox); 83.4 kN (table) [SRC-WIKI-RD58] | 83.40 kN, 349 s, 78 bar [SRC-ASTRONAUTIX-RD58]",Possibly 11D58 vs 11D58M vs 11D58MF mixed. Unresolved.
CF-R2_USSR-R2-20,ENG-RU-11D58MF,cycle,True,'oxidizer gas generator' drives TPA [SRC-SSAU-2587] | ox-rich staged combustion [SRC-WIKI-RD58],"Terminology, not a real conflict: Russian 'газогенератор' is used for closed-cycle preburners. Schema must not map ГГ -> gas_generator cycle automatically."
CF-R2_USSR-R2-21,ENG-RU-KVD-1,thrust_vac / period,False,69.6 kN (infobox) vs 7.5 t (text); 11D56 dev 1965-1972 [SRC-WIKI-KVD1] | KVD-1 (RD56) 1962-1974 [SRC-LPRE-NPOEM-RD0120UP],Unresolved.
CF-R2_ASIA-R2A-1,ENG-JP-LE-7A,isp_vac,False,441 s [SRC-MEXT-SAC-1997] | 440 s [SRC-MHI-LE7A] | 429 s short / 442 s long [SRC-WIKI-LE7],Nozzle configuration and design-vs-flight epoch differ; not a true contradiction until configs are matched.
CF-R2_ASIA-R2A-2,ENG-JP-LE-7A,pc,False,121 bar (1750 psi) [SRC-AIAA-VG-H2A] | 12.0 MPa [SRC-WIKI-LE7],Close; gauge/abs and station unknown. 12.7 MPa in mirrors is LE-7.
CF-R2_ASIA-R2A-3,ENG-JP-LE-9,pc,True,10.0 MPa [SRC-WIKI-LE9] | 12.4 MPa [SRC-WIKI-LE9],Design changed during development; 12.4 superseded.
CF-R2_ASIA-R2A-4,ENG-JP-LE-9,isp_vac,False,425 s [SRC-MHI-LE9] | 426 s [SRC-WIKI-LE9],1 s difference; rounding or build standard.
CF-R2_ASIA-R2A-5,ENG-JP-LE-9,pumps.speed_rpm identity,False,"41,600 rpm (pump not legible) [SRC-IHI-GIHO-LE9-TP] | LH2 TP 41,600 rpm [SRC-IHIFAN-LE9]",Value agrees; pump identity only from Tier E. Read IHI Technical Review to confirm.
CF-R2_ASIA-R2A-6,ENG-JP-LE-5B,idle throttle,False,3% (turbine not driven) [SRC-WEBLIO-LE5] | 5% idle mode [SRC-WIKI-LE5] | 3%* tank head (LE-5B-2 table) [SRC-WIKI-LE5],3% vs 5%; may be different variants (5B vs 5B-2) or rounding.
CF-R2_ASIA-R2A-7,ENG-JP-LE-5B,thrust_vac vs LE-5B-3,False,LE-5B 137.2 kN [SRC-WEBLIO-LE5] | LE-5B-3 137 kN (round-1) [SRC-WIKI-LE5],Round-1 flagged LE-5B-3 lower than LE-5B-2 (144.9). LE-5B-3 = 137 kN could be a copy of LE-5B's 137.2 kN (table mixing).
CF-R2_ASIA-R2A-8,ENG-IN-VIKAS,thrust,False,725 kN (original) [SRC-WIKI-VIKAS] | 799 kN PSLV / 846 kN GSLV HT [SRC-VAJIRAM-VIKAS] | 821 kN / 850 kN infobox revisions [SRC-WIKI-VIKAS],Variant/epoch and SL/vac not stated by sources; not resolvable from summaries.
CF-R2_ASIA-R2A-9,ENG-IN-VIKAS,pc,True,52.5 -> 58.5 bar (2001) [SRC-SPACENEWS-33640] | 6.2 MPa [SRC-WIKI-VIKAS],"Epoch progression, not contradiction."
CF-R2_ASIA-R2A-10,ENG-IN-CE-7-5,pc,False,5.8 MPa / 7.5 MPa [SRC-WIKI-CE75] | 58 bar nominal [SRC-SLIDESHARE-CRYO],Two unlabelled values; 7.5 MPa might be preburner or uprated condition - unknown.
CF-R2_ASIA-R2A-11,ENG-IN-CE-7-5,thrust_vac,False,73.55 kN [SRC-WIKI-CE75] | 75 kN max [SRC-WIKI-CE75],Nominal vs maximum; demonstrated 73.55-82 kN.
CF-R2_ASIA-R2A-12,ENG-IN-CE-20,thrust_vac,False,186.36 kN [SRC-WIKI-CE20] | 200 kN [SRC-WIKI-CE20] | 19/20/22 t [SRC-IASGYAN-CE20],Different qualified set-points of one design.
CF-R2_ASIA-R2A-13,ENG-CN-YF-77,thrust_sl / pc / isp / burn_time,False,"518 kN, 10.1 MPa, 428.0/316.7 s, 525 s [SRC-WIKI-YF77] | 510 kN, 10.2 MPa, 430/310.2 s, 520 s [SRC-WIKI-YF77]",Wikipedia revisions/mirrors disagree; Weblio (ja) round-1 gave 333/438 s too.
CF-R2_ASIA-R2A-14,ENG-CN-YF-100,throttle,False,65-105% [SRC-WIKI-YF100] | 65-100% [SRC-BILI-CV15113396],Upper bound differs.
CF-R2_ASIA-R2A-15,ENG-CN-YF-100,thrust_sl,False,1200 kN [SRC-WIKI-YF100] | 1188 kN [SRC-BILI-CV15113396],Rounding vs calculated value.
CF-R2_ASIA-R2A-16,ENG-KR-KRE-075,pc,False,"7.0 MPa [SRC-WIKI-KRE075] | 60 bars [SRC-FRWIKI-KRE075] | 60 bar (design stage, 2009) [SRC-KSCI-KARI-2009-KRE75]",fr.wiki probably carries the 2009 design value; 7.0 MPa may be flight config. Unresolved.
CF-R2_ASIA-R2A-17,ENG-KR-KRE-075,thrust_vac,False,"735.5 kN (stage 1) [SRC-WIKI-KRE075] | 75.8 tonf (SL type, 'KARI material') [SRC-NAMU-KRE075] | 74.8 ton (design) [SRC-KSCI-KARI-2009-KRE75]",75.8 tf = 743 kN vs 735.5 kN; design-stage 74.8 t. Different epochs/definitions.
CF-R2_ASIA-R2A-18,ENG-FR-VIKING-5C,pc,False,58.5 bar [SRC-FRWIKI-VIKING] | 5.5 MPa [SRC-WIKI-VIKING],Family-level vs variant-level value.
CF-R2_ASIA-R2A-19,ENG-FR-VULCAIN-2,pumps.lox_tp.speed_rpm (variant attribution),False,"13,000 rpm, 161 bar ('new oxygen turbopump') [SRC-INNOV-VULCAIN2-PROD] | 13,600 rpm, ~3 MW [SRC-WIKI-VULCAIN] | 13,600 rpm [SRC-ESA-ESAMI-VULCAIN]","13,600 rpm likely Vulcain 1; 13,000 rpm explicitly Vulcain 2's new LOX TP. Not resolved without primary doc. Extends round-1 CF-4."
CF-R2_ASIA-R2A-20,ENG-FR-VULCAIN-2,mdot,False,"235 kg/s total, 41.2 kg/s H2 [SRC-WIKI-VULCAIN] | H2 33 kg/s, LOX 202 kg/s [SRC-HF-SPACEYL-ENGINES]",Same total; H2 split differs. Dataset unsourced.
CF-R2_ASIA-R2A-21,ENG-IN-LAM-440-N,propellant roles,True,"MMH fuel / MON-3 oxidizer [SRC-IAC16-32550] | MON 'fuel', UDMH 'oxidizer' [SRC-SF101-LAM]",Spaceflight101 evidently erroneous.
CF-R2_ASIA-R2A-22,ENG-IN-AGNILET,thrust,False,>3 kN [SRC-IE-AGNIBAAN] | 6.2 kN [SRC-M3D-AGNIKUL-2026],Possibly different engine builds (2024 flight vs 2025-26 electric-pump cluster).
CF-R2_ASIA-R2A-23,ENG-IN-DHAWAN-1,thrust,False,1.5 kN vac [SRC-CHANAKYA-DHAWAN1] | 1.0 kN [SRC-COLDFACTS-DHAWAN1],Unresolved.
CF-R2_ASIA-R2A-24,ENG-RU-RD-151,designation,False,RD-191 [SRC-WIKI-NARO1] | RD-151 [SRC-SPACENEWS-12177] | RD-151 [SRC-SFN-KSLV-2010],RD-191 was the 2005 announced choice; flown engine reported as RD-151 (derated). Probably resolved as RD-151 but no primary source.
CF-R2_ASIA-R2A-25,ENG-KP-HWASONG-15-FIRST-STAGE-ENGINE,chamber/engine count,False,"1 Paektusan engine, 788 kN [SRC-WIKI-HS15] | two combustors on common turbopump (Brügge quoted) [SRC-WIKI-HS15]",Counting convention: one engine with two chambers vs two engines.
CF-R2_ASIA-R2A-26,ENG-AR-MT-B,propellants,False,LOX/RP-1 [SRC-WIKI-TRONADOR] | MMH/N2O4 pressurised [SRC-WIKI-TRONADOR],Design change over time.
CF-R2_ASIA-R2A-27,ENG-AR-VEX-1A-ENGINE,test date,False,26 Feb 2014 [SRC-WIKI-TRONADOR] | March 2014 [SRC-WIKI-TRONADOR],Internal inconsistency.
CF-R2_ASIA-R2A-28,ENG-CN-WELKIN,thrust_sl,False,50 t [SRC-GE-WELKIN-EN] | 400 kN [SRC-WIKI-WELKIN],50 t = 490 kN; Wikipedia may carry an earlier rating.
CF-R2_ASIA-R2A-29,ENG-CN-WELKIN-VAC,thrust_vac,False,600 kN [SRC-ORBITCODEX-PALLAS] | 500 kN (Welkin vac) [SRC-WIKI-WELKIN],Unresolved; aggregator Tier E.
CF-R2_ASIA-R2A-30,ENG-CN-LONGYUN,thrust class,False,70 t class [SRC-36KR-JZYJ] | 80 t class [SRC-JIEMIAN-14422448],676/704 kN fits 70 t class; 80 t may be an uprate.
CF-R2_ASIA-R2A-31,ENG-ES-TEPREL-C-VAC,thrust_vac,False,50 kN [SRC-WIKI-TEPREL] | 75 kN [SRC-SATNOW-TEPRELC],Unresolved.
CF-R2_ASIA-R2A-32,ENG-FR-SEPR-841,fuel,False,kerosene with TX2 for ignition [SRC-WIKI-SEPR84] | TX2 as fuel (another source in summary) [SRC-WIKI-SEPR84],"Unresolved; 844 replaced TX2 with jet fuel, suggesting TX2 was a consumed fuel in 841."
CF-R2_ASIA-R2A-33,ENG-DE-OTRAG-CRPU-ENGINE,oxidizer,False,"N2O4 [SRC-WIKI-OTRAG] | nitric acid (round-1 orchestrator hint, unsourced) [UNSOURCED (no source recorded by the branch)]",Hint unsupported; WFNA vs N2O4 open.
CF-R2_ASIA-R2A-34,ENG-JP-MB-60,alias,False,MB-60 = MARC-60 (Boeing/MHI) [SRC-WIKI-MARC60] | RL60 'also called MB-60' [SRC-WIKI-RL60],Alias collision between different engines.
CF-R2_SC_COMM-R2-1,ENG-US-SUPERDRACO,isp_sl,False,235 s [SRC-WIKI-SUPERDRACO] | ~240 s (derived 68.17 kN / ~31 kg/s) [SRC-WIKI-SUPERDRACO],Wikipedia's own talk page says 235 s is not in the cited document. No primary Isp seen.
CF-R2_SC_COMM-R2-2,ENG-US-SUPERDRACO,thrust,True,"71 kN (16,000 lbf) SL [SRC-WIKI-SUPERDRACO] | 32,000 lbf [SRC-WIKI-SUPERDRACO] | 68.17 kN SL [SRC-WIKI-SUPERDRACO]","16,000 lbf per engine is the SpaceX figure; 32,000 lbf is a two-engine pod; 68.17 kN may be a measured/rated value from the cited doc."
CF-R2_SC_COMM-R2-3,ENG-US-STARLINER-OMAC,count/thrust,False,"24 OMAC per shipset, 1,500 lbf class [SRC-AR-STARLINER-2016] | four 7000 N (1600 lbf) OMAC main engines; twelve 375 N RCS [SRC-ARXIV-2107-06795]",Class labels vs specific ratings; counts differ (24 vs 4 OMAC; 28 vs 12 RCS) - study may count only aft-facing/main-burn units. Unresolved.
CF-R2_SC_COMM-R2-4,ENG-JP-BT-4,thrust_vac,False,450 N [SRC-SATCAT-BT4] | 500 N [SRC-WIKI-BT4] | ~100 lbf (~445 N) [SRC-MECO-CYGNUS-REBOOST-2018],Likely 450 N nominal vs 500 N class; needs IHI datasheet.
CF-R2_SC_COMM-R2-5,ENG-US-VR900,thrust,False,"900 lbf thrust class [SRC-SFN-IM1-2024] | ~4,900 lbf [SRC-NEWSPACETRACKER-IMPROP] | ~3,100 N (~700 lbf) [UNCAPTURED-DB]","Designation implies 900 lbf class; 4,900 lbf from a Tier E aggregator is likely an error. Unresolved pending IM press kit."
CF-R2_SC_COMM-R2-6,ENG-US-FRONTIER-DSE,fuel,False,MMH (MON-25/MMH) [SRC-NASA-TALOS] | hydrazine (and MON) [SRC-SPACENEWS-79146] | hydrazine/MON (per summary) [SRC-AIRPORTTECH-PEREGRINE],NASA Tier A says MMH; trade press says hydrazine. Prefer NASA; unresolved.
CF-R2_SC_COMM-R2-7,ENG-GB-LEROS-1B,thrust_vac,True,635 N [SRC-NAMMO-LEROS1B] | 640 N (configured for Juno) [SRC-AMPAC-JUNO-2011],Juno-specific configuration vs catalogue nominal.
CF-R2_SC_COMM-R2-8,ENG-GB-LEROS-4-ET,fuel,False,LEROS 4: MMH/MON [SRC-WIKI-LEROS] | LEROS 4-ET: MON/hydrazine [SRC-WIKI-BLUEGHOST],4-ET may be a hydrazine variant or one article is wrong. Unresolved.
CF-R2_SC_COMM-R2-9,ENG-US-GR-22,flown_on_GPIM,False,GPIM includes four 1N and one 22N thruster [SRC-NTRS-20140016838] | only the GR-1 included in on-orbit demonstration phase [SRC-NTRS-20170001286],Possibly the summary misread the 2017 paper. Unresolved; verify GPIM flight reports.
CF-R2_SC_COMM-R2-10,ENG-CN-FY-25,isp_vac,False,2990 N.s/kg (305 s) [SRC-IAC11-490N-CN] | 3030 N.s/kg nominal [SRC-IAC03-LAE-CN],"Measured/delivered vs nominal, or different build standards."
CF-R2_SC_COMM-R2-11,ENG-RU-S5-98M,isp_vac,False,328.6 s [SRC-WIKI-S598M] | 328.1 s [UNCAPTURED] | ~326 s (Briz-KM) [UNCAPTURED],Variant (S5.98M vs Briz-KM engine) or reference-condition differences; cross-check ussr branch.
CF-R2_SC_COMM-R2-12,ENG-US-AEON-1,thrust,True,"15,500 SL / 19,500 vac lbf (older listing) [SRC-SPACEBUCKET-AEON] | 23,000 SL / 25,400 vac lbf [SRC-WIKI-AEONR] | up to 23,000 lbf SL [SRC-AIRPORTTECH-TERRAN1] | 207,000 lbf liftoff for 9 (=23,000 each) [SRC-SFN-TERRAN1-2023]","15,500 lbf is likely an early design rating; flight-configuration 23,000 lbf SL consistent with 207,000/9."
CF-R2_SC_COMM-R2-13,ENG-US-AEON-1,cycle,False,gas generator / open expander (sources in summary disagree) [SRC-SPACEBUCKET-AEON],No Relativity primary statement seen for Aeon 1 cycle.
CF-R2_SC_COMM-R2-14,ENG-US-ARROWAY,cycle,False,fuel-rich staged combustion (one source in summary) [UNCAPTURED] | ox-rich staged combustion (round-1 brief) [ANALYST_PRIOR],No company statement seen; cycle left UNKNOWN.
CF-R2_SC_COMM-R2-15,ENG-US-E-2,isp_vac,True,326 s ('Launcher says') [SRC-CONTROL-E2-TEST] | 365 s [UNCAPTURED-FORUM],Forum value physically implausible for LOX/RP-1; rejected.
CF-R2_SC_COMM-R2-16,ENG-US-BROADSWORD,thrust,True,"25,000 lbf sea level [SRC-MASTEN-ENGINES] | 25,000 lbf vacuum [SRC-SATNOW-BROADSWORD]",Company states sea level; aggregator label likely wrong.
CF-R2_SC_COMM-R2-17,ENG-NZ-CURIE,propellant,False,unspecified liquid bipropellant (Rocket Lab Aug 2020) [SRC-WIKI-CURIE] | green monopropellant [citation needed] [SRC-WIKI-ELECTRON],Company statement favours bipropellant; possibly both versions exist (summary: 'Curie comes in monopropellant and bipropellant versions').
CF-R2_SC_COMM-R2-18,ENG-US-AJ26-62,thrust_vac,False,"1,680 kN [SRC-KOREASCI-AJ26] | 1,815 kN [SRC-SPACEFLIGHT101-ANTARES] | 3,265 kN for pair (1,632.5 each) [SRC-WIKI-ANTARES]",Rating vs max/throttle settings (Antares ran AJ26 at up to 108% [BG]). Unresolved.
CF-R2_SC_COMM-R2-19,ENG-US-TR-107,thrust,True,"1,100,000 lbf (4,900 kN) [SRC-WIKI-TR107] | 'about half the thrust of TR-106' [SRC-WIKI-TR107]",Text statement contradicts numbers (1.1 Mlbf > 650 klbf); treat text as error.
CF-R2_SC_COMM-R2-20,ENG-US-NEWTONFOUR,thrust_vac,True,"5,000 lbf [SRC-WIKI-LAUNCHERONE] | 5,000 lbf [SRC-NSF-LAUNCHERONE-2020] | ~6,000 lb [SRC-AVIATIONIST-L1-2020]",Tier E outlier.
CF-R2_SC_COMM-R2-21,ENG-US-AEON-R,thrust_sl,True,"258,000 lbf [SRC-RELATIVITY-PR-2023-04-12] | 269,000 lbf [SRC-RELATIVITY-PR-2025-03-07]","Design uprate between releases; both REPORTED, dated."
CF-R2_SCHEM-R2-1,ENG-US-RS-68A,performance.pc,False,"1580 psia [SRC-L3H-RS68A-DS] | 1,488 psi (10.26 MPa) [SRC-WIKI-RS68]","~90 psi difference; could be injector-face vs nozzle-stagnation convention, or RS-68 vs RS-68A mix-up in Wikipedia. Prefer manufacturer sheet; unresolved."
CF-R2_SCHEM-R2-2,ENG-US-RS-68A,performance.isp_vac,True,411 s [SRC-L3H-RS68A-DS] | 411.9 s [SRC-WIKI-RS68],Rounding; consistent.
CF-R2_SCHEM-R2-3,ENG-US-RAPTOR-3,performance.thrust_sl,False,"250 tf (551,000 lbf) [SRC-SPACEX-UPDATES] | 250 tf / 551 klbf [SRC-SPACEX-STARSHIP-SPECS] | 280 tf (Aug 3 2024 'performance card') [UNSOURCED-SECONDARY (newspaceeconomy/mexc, not catalogued)]",280 tf not found on spacex.com; may be a test peak or misreport. Prefer 250 tf (manufacturer).
CF-R2_SCHEM-R2-4,ENG-US-RAPTOR-2,performance.pc,False,"330 bar (family-level) [SRC-WIKI-RAPTOR] | 250 bar [UNSOURCED-SECONDARY (calpoly news page, low quality)]",No primary source; Raptor 3 ~350 bar also secondary. Leave Pc unreported at Tier A.
CF-R2_SCHEM-R2-5,ENG-US-BE-4,performance.thrust_sl,True,"550,000 lbf [SRC-ULA-BE4-FACTSHEET] | 640,000 lbf (2,846 kN) [SRC-BLUE-NEWGLENN-PAGE]",Dated uprate under same designation (round-1 CF-1 same pattern). Needs validity dates.
CF-R2_SCHEM-R2-6,ENG-US-BE-4,performance.pc,False,134 bar (13.4 MPa; older revision via mirror) [SRC-WIKI-BE4] | 140 bar (current revision) [SRC-WIKI-BE4],Wikipedia revision drift; no Tier A Pc found.
CF-R2_SCHEM-R2-7,ENG-US-MERLIN-1D,performance.thrust_sl,True,"845 kN (190,000 lbf) [SRC-SPACEX-FUG-2025] | 854 kN / 190,000 lbf [SRC-WEVOLVER-MERLIN] | 854 kN [SRC-UC-OLLI-SPACEX]","854 kN likely transposition (190,000 lbf = 845.2 kN). Prefer FUG."
CF-R2_SCHEM-R2-8,ENG-US-MERLIN-1D,performance.pc,False,"9.7 MPa (1,410 psi) [SRC-WIKI-MERLIN] | 10.8 MPa ('Merlin-1D++' SL) [SRC-WEVOLVER-MERLIN]",Different (unofficial) sub-variant labels; no SpaceX Pc found.
CF-R2_SCHEM-R2-9,ENG-US-MERLIN-1D,performance.throttle_range,False,100%-57% (SL) [SRC-WEVOLVER-MERLIN] | down to 40% [UNSOURCED-SECONDARY],No primary source.
CF-R2_SCHEM-R2-10,ENG-US-R-4D-11,performance.isp_vac,True,315.5 s at 300:1; 311 s at 164:1 [SRC-L3H-LHX-SPECSHEET-2024] | 312 s (R-4D family) [SRC-WIKI-R4D],Different variant/area ratio; not a true conflict once nozzle configuration is a dimension.
CF-R2_SCHEM-R2-11,ENG-NZ-RUTHERFORD-VACUUM,performance.thrust_vac,True,"24 kN (5,500 lbf) original [SRC-WIKI-RUTHERFORD] | 26 kN (5,800 lbf) updated [SRC-WIKI-RUTHERFORD]",Dated uprate (round-1 CF-4).
CF-R2_SCHEM-R2-12,ENG-SU-RD-170,turbines.main.power,False,~200 MW [UNSOURCED-SECONDARY] | 189.3 MW [UNSOURCED-SECONDARY],Both secondary; not recorded as values.
CF-R2_SCHEM-R2-13,ENG-DE-A4-ENGINE,propellants.load_mass,False,"~9,700 kg LOX over 60 s burn [SRC-NASM-A19790951000 or A19600013000] | 4,200 kg water-alcohol + 5,500 kg LOX [SRC-NASM (other record)]",Differ in what is counted (LOX only vs both); attribution between the two NASM records unclear.
CF-R2_SCHEM-R2-14,ENG-US-IPD,performance.thrust_sl,True,"1,112,000 N (250,000 lbf) [SRC-DTIC-ADA397910] | 250,000 lb (1,110 kN) [SRC-FLIGHTGLOBAL-IPD]",Rounding.
CF-R2_SCHEM-R2-15,ENG-US-RAPTOR-2,identity.rating_attribution,False,"230 tf / 1,630 kg given as 'from' values [SRC-SPACEX-UPDATES]","SpaceX does not label the prior values explicitly as Raptor 2 (summary). Single-source attribution caveat, kept as open issue."
CF-US_HIST-01,ENG-US-F-1,thrust_sl,True,"1,500,000 lbf (initial rating) [SRC-WIKIARCHIVES-MSFC-F1] | 1,522,000 lbf (after third Saturn V launch) [SRC-WIKIARCHIVES-MSFC-F1] | 1,522,000 lbf table vs 1,500,000 narrative [SRC-WIKI-F1] | 1,522,000 lbf from SA-504 [SRC-APOLLOMANIACS-F1]","Not a true conflict: re-rating of the same designation. NASA caption 'after the third Saturn V launch' (SA-503, Apollo 8) is consistent with apollomaniacs 'SA-504 and later'; a search summary wrongly called these contradictory. Record both ratings with effectivity."
CF-US_HIST-02,ENG-US-RL10A-3-3A,of / isp_vac,False,"MR 5:1, Isp 444.4 s [SRC-NTRS-19910018888] | MR 5.5:1, Isp 442.4 s [SRC-PURDUE-RL10]",Possibly nominal vs alternate operating point or different documentation dates. Prefer NTRS (Tier A) pending document read.
CF-US_HIST-03,ENG-US-RL10B-2,pc,False,"633 psi (text), Isp 465.5 s [SRC-NAP-11780] | 644 psia (table), Isp 466.5 s, ER 285 [SRC-NAP-11780]",Intra-document inconsistency; may be gauge vs absolute or different ratings. Unresolved.
CF-US_HIST-04,ENG-US-RS-68,thrust_sl / pc,False,"663,000 lbf SL; Pc 1,488 psi [SRC-WIKI-RS68] | 660,000 lbf SL (other excerpt) [SRC-WIKI-RS68] | RS-68A Pc 1,580 psia [SRC-L3H-RS68A-DS]","1,488 psi likely RS-68 (102%) and 1,580 psia RS-68A full power; SL thrust 660k vs 663k rounding/rating. Unresolved."
CF-US_HIST-05,ENG-US-LR91-AJ-11,of,False,1.86 [SRC-WIKI-LR91] | 1.78:1 [SRC-PURDUE-LR91AJ11],Different sources/ratings; unresolved.
CF-US_HIST-06,ENG-US-BELL-8096,designation / isp_vac,False,"XLR81-BA-11; Isp 280 s [SRC-WIKI-BELL8000] | XLR81-BA-9 = Model 8096 [SRC-DESIGNSYS-RM81] | 71.2 kN, 291 s [SRC-ASTRONAUTIX-AGENAB]",Military dash number for Model 8096 disputed (BA-9 vs BA-11); Isp 280 vs 291 s may relate to nozzle-extension change. Unresolved.
CF-US_HIST-07,ENG-US-BELL-8081,thrust,False,"71 kN (16,000 lbf) [SRC-WIKI-BELL8000] | 70.7 kN (15,890 lbf) [SRC-ASTRONAUTIX-AGENAB]",Rounding vs precise rating.
CF-US_HIST-08,ENG-US-XLR11,thrust / mass / X-1 designation,False,"6,000 lbf; 210 lb dry; X-1 = XLR11-RM-5 [SRC-WIKI-XLR11] | 5,900 lbf; 345 lb incl. turbopump [SRC-NMUSAF-XLR11] | X-1 engine XLR-11-RM3 [SRC-HISTORYOFWAR-X1]",Mass difference explained by turbopump inclusion (later versions). RM-3 vs RM-5 for X-1 unresolved (Tier E source for RM-3).
CF-US_HIST-09,ENG-US-XLR99-RM-1,mass,False,910 lb [SRC-WIKI-XLR99] | 915 lb [SRC-NMUSAF-XLR99],Minor; dry vs with residuals unknown.
CF-US_HIST-10,ENG-US-J-2,thrust_vac / isp_vac,False,"up to 230,000 lbf [SRC-NTRS-20100027318] | 230,000 lb, 425 s [SRC-PURDUE-J2] | 232,250 lbf, 421 s [SRC-NEWSPACE-J2]","J-2 ratings evolved (200K/225K/230K in literature, not confirmed here); 232,250 lbf / 421 s probably a specific-mission value copied from Wikipedia. Unresolved."
CF-US_HIST-11,ENG-US-LR79-NA-9,vehicles,False,Thor IRBM and Atlas E and F [SRC-FLICKR-MB3] | Atlas E/F used MA-3 (LR89/LR105) [SRC-ENGINEHISTORY-RPE05],Museum placard claim that MB-3/LR79-NA-9 flew on Atlas E/F conflicts with Atlas MA-3 propulsion; likely placard error. Also MB-3 = LR79-NA-9 equivalence itself only placard-sourced.
CF-US_HIST-12,ENG-US-S-3D,thrust,False,"134,908 lbf SL (600.1 kN) [SRC-WIKI-S3D] | 150,000 lbf (Army final model) [SRC-WIKI-PGM19] | 150,000-205,000 lb depending on model [SRC-NMUSAF-LR79]","Different models/ratings within LR79 family; the 205,000 upper value may include H-1-era derivatives. Unresolved."
CF-US_HIST-13,ENG-US-NAA-75-110-A-6,thrust,False,"91,350 lbf max [SRC-WIKI-JUPITERA] | series final 78,000 lb [SRC-NASA-MSFC-MERCREDSTONE]","A-6 burning hydyne (Jupiter-C/Juno) had higher thrust than alcohol A-7. A further unattributed search claim of 98,138 lbf SL for the A-6 was not recorded (source not identifiable). Unresolved."
CF-US_HIST-14,ENG-US-38ALDW-1500,fuel,False,furfuryl alcohol (+RFNA) [SRC-WIKI-WACCORPORAL] | aniline (+RFNA) [SRC-CALTECH-THESIS310],Fuel changed during development (aniline/furfuryl alcohol mixtures); unresolved per flight.
CF-US_HIST-15,ENG-US-LR89-NA-7,designation / thrust,False,"MA-5 booster = LR89-5, 163,211 lbf SL [SRC-ENGINEHISTORY-RPE05] | LR89-7, 213,118 lbf vac [SRC-ASTRONAUTIX-LR89-7] | pair 1,896 kN [SRC-WIKI-MA5] | pair 1,901.6 kN [SRC-WIKI-ATLASG]",Designation for MA-5 booster disputed; pair totals differ by rating vintage.
CF-US_HIST-16,ENG-US-RS-56-OSA,thrust,False,"60,500 lbf SL (269.0 kN) [SRC-WIKI-RS56] | 386 kN (87,000 lbf) [SRC-WIKI-ATLASII]","Sea-level vs vacuum (sustainer has high-expansion nozzle). Likely resolved as reference-condition difference, but neither source labels clearly."
CF-US_HIST-17,ENG-US-XRS-2200,thrust_vac / thrust_sl,False,"266,000 / 204,000 lbf [SRC-WIKI-XRS2200] | 261,200 / 206,200 lbf [SRC-PURDUE-XRS2200] | 200,000+ lbs SL [SRC-NTRS-19980174934]",Design vs test-demonstrated values; unresolved.
CF-US_HIST-18,ENG-US-SSME-BLOCK-II,thrust reference condition & RPL convention,False,"491,000 lb at 104.5% RPL; ~522,000 lbf at 111% [SRC-NASA-RS25-WEB] | 512,000 lb (109%) [SRC-NASA-RS25-FS2015]","Search summary labelled 491,000 lbf as sea level; arithmetic (491k/1.045 = 470k at 100% RPL) matches the commonly quoted vacuum rating, so these are almost certainly VACUUM values. RPL convention: 100% = original rated power level; Shuttle flew 104.5%; 109% was STS emergency/'full power level' and SLS nominal; 111% for RS-25E. Store thrust always with %RPL and condition."
CF-US_HIST-19,ENG-US-LR87-AJ-7,pc,False,LR87-7 47.0 bar vs LR87-5 54.0 bar [SRC-ASTRONAUTIX-LR87],Gemini version lower Pc than Titan II missile is implausible for a derivative; possible transcription error on Astronautix. Verify against Aerojet data.
CF-US_HIST-20,ENG-US-TR-201,period,False,"1972-1988 [SRC-WIKI-TR201] | flights 1974-1988 (other excerpt, possibly encyclopedia.pub) [SRC-WIKI-TR201]",Development vs first flight date. Unresolved.
CF-US_HIST-21,ENG-US-GODDARD-1926-LIQUID-ROCKET-MOTOR,date,True,16 March 1926 [SRC-APS-GODDARD],One historynet page gives 18 March (not recorded as source). Consensus 16 March.
CF-US_HIST-22,ENG-US-J-2S,first test date,False,pre-production firings 1965-1972 [SRC-WIKI2007-J2] | first successfully tested 1969 [SRC-WIKI-TAPOFF],First test vs first successful full test; AEDC altitude tests 1969.
CF-US_HIST-23,ENG-US-M-1,cancellation date,False,abandoned pre-prototype [SRC-WIKI-M1],Other result claimed cancellation in 1965 before first prototype assembly; NASA GRC image dated 1966 shows hardware work. Unresolved.
CF-US_HIST-24,ENG-US-LR101,thrust,False,"1,017 lbf tank-fed / 1,060 lbf pressure-fed [SRC-WIKI-LR101] | 830 lb tank-fed downrated to 525 lb [SRC-DTIC-AD0423340] | ~1,012 lb per vernier (RS-27A) [SRC-PURDUE-RS27A]",Multiple vernier versions and ratings; designation-level separation NOT_AUDITED.
CF-US_HIST-25,ENG-US-H-1-188K,thrust,True,"'188,00' pounds [SRC-NASA-ALSJ-CSM02]","Typographic error in source; read as 188,000."
CF-COMMERCIAL-COM-1,ENG-US-MERLIN-1D-BLOCK-5,thrust_sl,True,"845 kN (190,000 lbf) [SRC-SPACEX-FUG-2025] | 854 kN (190,000 lbf) [SRC-WEVOLVER-MERLIN]","854 kN is inconsistent with its own 190,000 lbf (=845 kN). Prefer SpaceX 845 kN."
CF-COMMERCIAL-COM-2,ENG-US-MERLIN-1D,thrust_sl (time series),True,"147,000 lbf (v1.1) [SRC-SFN-2015-FT] | 63.5 tf announced; 66.68 tf updated [SRC-SLR-F9-SMA] | 170,000 lbf (FT) [SRC-SFN-2015-FT] | 190,000 lbf (current) [SRC-SPACEX-FUG-2025]","Successive ratings of the same engine family (v1.1 -> FT -> Block 5). 63.5 tf = 140 klbf, 66.68 tf = 147 klbf. Split into block records; exact dates of 190 klbf rating not sourced; no source found for an intermediate 162,500 lbf."
CF-COMMERCIAL-COM-3,ENG-US-MERLIN-1D-VACUUM,thrust_vac,False,"~81.6 tf (v1.1 era) [SRC-SLR-F9-SMA] | 210,000 lbf max [SRC-SFN-2015-FT] | ~95.3 tf (FT) [SRC-SLR-F9-SMA] | 981 kN (220,500 lbf) [SRC-SPACEX-FUG-2025]",Likely successive ratings; SLR table values garbled in search output. Current SpaceX: 981 kN.
CF-COMMERCIAL-COM-4,ENG-US-MERLIN-1D-VACUUM,isp_vac,False,348 s [SRC-WEVOLVER-MERLIN] | not printed [SRC-SPACEX-FUG-2025],No primary Isp. Analyst background value 'about 345-348 s' unsourced. Treat as proprietary gap.
CF-COMMERCIAL-COM-5,ENG-US-MERLIN-1A,thrust_sl (lbf),True,"340 kN / 76,000 lbf [SRC-WIKI-MERLIN] | 340 kN / 77,000 lbf [SRC-WIKI-MERLIN]","Conversion rounding (340 kN = 76,400 lbf)."
CF-COMMERCIAL-COM-6,ENG-US-MERLIN-1C,thrust_sl/isp,True,"78,000 lbf SL / 90,000 vac / 301 s (Falcon 1 config) [SRC-SPACEX-PR-M1C-2007] | 95,000 lbf SL / >108,000 vac / 304 s (Falcon 9 config) [SRC-SPACEX-PR-M1C-2007] | 350 kN SL / 400 kN vac / 304 s [SRC-WIKI-MERLIN] | 43 tf SL / 49 tf vac ('first Merlin 1C') [SRC-SLR-F9-SMA]",Wikipedia mixes F1 thrust (350 kN ~ 78.7 klbf) with F9 Isp (304 s). SLR 43/49 tf (~94.8/108 klbf) matches F9 configuration. Resolved by splitting configurations.
CF-COMMERCIAL-COM-7,ENG-US-RAPTOR-2,pc,False,300 bar routine (Musk) [SRC-TESLARATI-R2] | 321 bar peak first static fire [SRC-TESLARATI-R2] | 330 bar 'consistently' (secondhand) [SRC-WCCF-RAPTOR-330] | 300 bar reached in test by July 2022 [SRC-WIKI-RAPTOR],The 350 bar claim mentioned in the branch brief was NOT found in any source this session. Operating vs peak test values differ; no SpaceX primary Pc for any Raptor.
CF-COMMERCIAL-COM-8,ENG-US-RAPTOR-1,thrust_sl,True,185 tf nominal [SRC-WIKI-RAPTOR] | ~225 t max demonstrated (Musk 2020) [SRC-WIKI-RAPTOR],Nominal vs demonstrated maximum; not directly comparable.
CF-COMMERCIAL-COM-9,ENG-US-BE-4,thrust_sl,True,"550,000 lbf (dev period) [SRC-BLUE-ULA-PARTNERSHIP] | 640,000 lbf (2,846 kN) [SRC-BLUE-ENGINES]","Rating growth over program. The 2,400 kN vs 2,450 kN values cited in the brief (=550 klbf) were not seen; 550 klbf = 2,447 kN (DERIVED)."
CF-COMMERCIAL-COM-10,ENG-US-BE-3U,thrust_vac,False,"160,000 lbf [SRC-BLUE-NEWS-BE3U-MISC] | 173,000 lbf [SRC-BLUE-NEWS-BE3U-MISC] | 320,000 -> 400,000 lbf total for 2 engines [SRC-BLUE-NG-UPGRADE] | 200,000 lbf [SRC-BLUE-ENGINES]",Stepwise uprating; dates of each rating not captured.
CF-COMMERCIAL-COM-11,ENG-NZ-RUTHERFORD-VACUUM,thrust_vac,True,"24 kN (5,500 lbf) [SRC-RL-100TH-RUTHERFORD] | 5,800 lbf [SRC-RKLB-PAYLOAD-INCREASE] | 25.8 kN (5,800 lbf) [SRC-RL-ELECTRON-PAGE]",Older vs newer rating (battery upgrade).
CF-COMMERCIAL-COM-12,ENG-NZ-RUTHERFORD,thrust_sl,True,"5,500 lbf -> 5,600 lbf [SRC-RKLB-PAYLOAD-INCREASE] | 190 kN liftoff / 224 kN peak for 9 engines [SRC-RL-ELECTRON-PAGE]",Uprate; also liftoff vs peak per-engine (21.1 vs 24.9 kN DERIVED) - peak likely at altitude.
CF-COMMERCIAL-COM-13,ENG-NZ-RUTHERFORD,isp_sl,False,311 s labelled for sea-level version [SRC-RKLB-PAYLOAD-INCREASE],"311 s is implausibly high for a LOX/kerosene sea-level Isp at Rutherford's Pc; may be vacuum Isp of the SL engine. Flag, do not use as SL Isp without confirmation."
CF-COMMERCIAL-COM-14,ENG-NZ-ARCHIMEDES-VACUUM,thrust_vac,False,"200,000 lbf (890 kN) [SRC-RL-NEUTRON-PAGE] | 202,300 lbf (900 kN) [SRC-RL-ARCH-BUILD]",Rounding/re-rating.
CF-COMMERCIAL-COM-15,ENG-US-REAVER,thrust,True,"801 kN vac for 4 (200 kN each) [SRC-FIREFLY-ALPHA-PAGE] | 836.3 kN max for 4 [SRC-FIREFLY-PUG-5.2] | 45,000 lbf per engine [SRC-FIREFLY-MIRANDA-RR]","Nominal vs maximum; 45,000 lbf = 200.2 kN matches nominal vac."
CF-COMMERCIAL-COM-16,ENG-US-LIGHTNING,thrust_vac,True,"70.1 kN (15,759 lbf) [SRC-FIREFLY-ALPHA-PAGE] | 73.0 kN (16.4 klbf) max [SRC-FIREFLY-PUG-5.2]",Nominal vs maximum.
CF-COMMERCIAL-COM-17,ENG-US-MERLIN-1D-BLOCK-5,isp,False,282 s SL / 311 s vac [needs update] [SRC-WIKI-MERLIN] | 282 / 311 s (c.2013 update) [SRC-SLR-F9-SMA],Both trace to 2013-era data for the v1.1 rating; applicability to the 190 klbf Block 5 rating unknown. SpaceX does not publish Isp.
CF-USSR-1,ENG-SU-RD-170,thrust_sl/thrust_vac,False,7250 kN SL / 7900 kN vac [SRC-WIKI-RD170] | 740 tf SL / 806 tf vac (RD-171M) [SRC-GLAVKOSMOS-RD171M] | 7.8 MN vac (RD-171M) [SRC-IAC13-20083] | 7900 kN SL (RD-171) [SRC-LLMPEDIA],"740 tf = 7257 kN and 806 tf = 7904 kN, consistent with Wikipedia. IAC paper's 7.8 MN is ~1% lower (rounding or rated vs nominal). LLMpedia SL figure is wrong (=vac value)."
CF-USSR-2,ENG-RU-RD-171M,pc,True,250 kgf/cm2 [SRC-GLAVKOSMOS-RD171M] | 25.9 MPa (max reached) [SRC-IAC13-20083],250 kgf/cm2 = 24.5 MPa nominal; 25.9 MPa is a maximum/test value. Not a true conflict but different definitions.
CF-USSR-3,ENG-RU-RD-171M,mass_dry,False,9300 kg [SRC-GLAVKOSMOS-RD171M] | 9750 kg (RD-170) [SRC-WIKI-RD170],Different variants (RD-170 vs RD-171M); may also differ in definition. Keep both per variant.
CF-USSR-4,ENG-RU-RD-180,pc,False,"261.7 kgf/cm2 (=256.6 bar, ~25.7 MPa) [SRC-PNP-RD180] | 266.7 bar (~26.7 MPa) [SRC-KOD-RD180] | >280 atm with 10% certification margin [SRC-PNP-RD180]",Classic 25.7 vs 26.7 MPa RD-180 discrepancy. Chief-designer figure 261.7 kgf/cm2 is the best-attributed value; 26.7 MPa may be preburner-referenced or a different rating; unresolved.
CF-USSR-5,ENG-RU-RD-191,isp_sl,False,310.7 s [SRC-WIKI-RD191] | 311.2 s [SRC-RSW-RD191] | 311 s (RD-181) [SRC-GLAVKOSMOS-RD181],"Sub-1-s spread, probably rounding/definition. Dry mass also quoted 2200-2290 kg across sources."
CF-USSR-6,ENG-RU-RD-0124MS,isp_vac,False,359 s [SRC-WIKI-SOYUZ5] | 361 s [SRC-WWW1-RD0124] | 361 s ('RD-124MV') [SRC-FRONTIER-SOYUZ5],Design vs demonstrated value or stage vs engine; unresolved.
CF-USSR-7,ENG-SU-RD-117,designation/index,True,RD-117 = 11D511; RD-118 = 11D512 [SRC-WIKI-RD107] | 11D511 = 'RD-107'; 11D512 = 'RD-108' [SRC-GLOBALSEC-SOYUZU],GlobalSecurity uses the family names RD-107/RD-108 generically for Soyuz-U engines whose specific designations are RD-117/RD-118. Index mapping itself agrees.
CF-USSR-8,ENG-SU-RD-100,thrust_sl,False,26 (t) [SRC-KPI-GLUSHKO] | 33 t (+30% over V-2) [SRC-HISTORYRISE-GLUSHKO],33 t likely conflates RD-100 with a later uprate or vacuum value; KPI's 26 t matches V-2-class ~25 t. Unresolved; need Tier A/B.
CF-USSR-9,ENG-SU-RD-101,thrust,False,"37,210 kgf SL / 41,208 kgf vac [SRC-FAS-R2] | 37 (t) ground [SRC-KPI-GLUSHKO] | 35 t (340 kN) [SRC-PLANETARY-GLUSHKO]",FAS and KPI agree (~37 tf SL); Planetary's 35 t may be rounded/different condition.
CF-USSR-10,ENG-SU-RD-101,fuel,False,methyl alcohol replaced ethyl alcohol [SRC-FAS-R2],Analyst expectation is ethanol (higher concentration) for R-2; FAS methanol claim is unconfirmed and possibly erroneous. Single-claim flag.
CF-USSR-11,ENG-SU-NK-15,thrust_vac/pc/isp_vac,False,"1544 kN, 7.85 MPa, 318 s (L 2.7 m, D 1.5 m) [SRC-WIKI-NK15] | 1753 kN, 14.50 MPa, 331 s (L 3.7 m, D 2 m) [SRC-WIKI-NK15]",Version B duplicates NK-33 geometry/Isp; likely editing error in a Wikipedia revision. Version A more plausible for NK-15 but needs Tier A/B confirmation.
CF-USSR-12,ENG-SU-NK-33,index (GRAU),False,14D15 (as relayed by Russian-language search summary) [SRC-WIKI-NK33],"Analyst recall: NK-33 = 11D111 (N1F era), 14D15 = NK-33A (Soyuz-2.1v). Search summary may have echoed query. Unresolved; verify against Kuznetsov/Roscosmos sources."
CF-USSR-13,ENG-US-AJ26-59,lineage,False,NK-43 -> AJ26-59 [SRC-WIKI-AJ26] | NK-43 variant listed as AJ26-60 [SRC-WIKI-NK33],Wikipedia pages disagree; Aerojet primary docs needed.
CF-USSR-14,ENG-SU-RD-0120,thrust/isp_sl/gimbal,False,1961 kN vac / 1526 kN SL @106%; Isp SL 354 s; gimbal +/-7 deg [SRC-WIKI-RD0120] | 190 tf vac (1863 kN) / 147.6 tf SL [SRC-BURAN-ENERGIA-CARAC] | gimbal up to 11 deg in two axes [SRC-RSW-RD0120],Thrust difference ~5% = 100% vs 106% power level. Gimbal: +/-7 vs 11 deg - possibly per-axis vs combined; unresolved.
CF-USSR-15,ENG-SU-RD-0110,pc/isp_vac/burn_time,False,6.8 MPa; 325 s; 250 s [SRC-WIKI-RD0110] | 7 MPa; 3195 m/s (=325.8 s); 230 or 240 s [SRC-RSW-RD0110],Rounding plus stage-application differences (burn time depends on vehicle). Minor.
CF-USSR-16,ENG-SU-RD-0210,thrust_vac/pc/burn_time,False,582 kN; 14.7 MPa; 220 s [SRC-WIKI-RD0210] | 593.6 kN; 15 MPa; 230 s [SRC-RSW-RD0210],Attribution between the two sources is from search summary and may be swapped; nominal vs uprated (Proton-M) values plausible. Unresolved.
CF-USSR-17,ENG-SU-RD-270,period,False,1962-1968 [SRC-WIKI-RD270] | 1960-1970 [SRC-WIKI-RD270],Internal Wikipedia inconsistency.
CF-USSR-18,ENG-RU-RD-171MV,thrust,True,7887 kN vac (family) [SRC-WIKI-RD170] | 7257 kN SL (stage 1) [SRC-WIKI-SOYUZ5] | ~750 t SL / ~800 t vac [SRC-FRONTIER-SOYUZ5],Consistent within rounding (7257 kN = 740 tf). 'Over 800 tf' headline is vacuum. No measured flight value found.
CF-USSR-19,ENG-SU-RD-253,index,False,,11D43 (task brief) not confirmed by any search result; 8D43 also seen in literature per analyst recall. Unresolved.
CF-EUROPE-1,ENG-FR-VULCAIN,thrust_vac,False,1025 kN [SRC-NTRS-19910018907] | 1140 kN [SRC-HANDWIKI-VULCAIN],1991 pre-qualification value vs later flight rating likely; both secondary-access.
CF-EUROPE-2,ENG-FR-VULCAIN,mass,False,1300 kg [SRC-NTRS-19910018907] | 1300 kg [SRC-HANDWIKI-VULCAIN] | 1686 kg [SRC-ESA-VULCAIN],ESA 1686 kg probably refers to Vulcain 2 or includes items; unresolved.
CF-EUROPE-3,ENG-FR-VULCAIN-2,thrust_vac,False,1359 kN [SRC-WIKI-VULCAIN] | 1340 kN [SRC-WIKI-VULCAIN],Rating convention / version (nominal vs max) differences.
CF-EUROPE-4,ENG-FR-VULCAIN-2,pc,False,117.3 bar [SRC-WIKI-VULCAIN] | 115 bar [SRC-MECAIND-2020-T1],Nominal vs measured/flight value.
CF-EUROPE-5,ENG-FR-VULCAIN-2,mass,False,1800 kg [SRC-HANDWIKI-VULCAIN] | 1686 kg [SRC-ESA-VULCAIN],Unresolved.
CF-EUROPE-6,ENG-FR-VULCAIN-2-1,thrust_vac,False,1371 kN [SRC-NEWSPACEECON-V21] | 1340 kN (same as predecessor) [SRC-METALAM-V21] | 135 t vacuum (~1324 kN) [SRC-3DPI-V21],All low-tier; need ESA/ArianeGroup figure.
CF-EUROPE-7,ENG-FR-VINCI,restarts/ignitions,False,up to 3 restarts [SRC-WIKI-VINCI] | max 4 ignitions per mission [SRC-SAFRAN-VINCI-2018] | reignite up to four times [SRC-ESA-A6ENGINES] | up to five times [SRC-ESA-VINCI-HOTFIRE],Ignitions vs restarts wording (4 ignitions = 3 restarts) explains Wikipedia vs Safran; early ESA 'five' was a design goal.
CF-EUROPE-8,ENG-FR-HM7B,pc,False,3.7 MPa (infobox) [SRC-WIKI-HM7B] | 35 bar (history) [SRC-WIKI-HM7B],Internal inconsistency in same article; possibly Ariane 5 ESC-A vs Ariane 4 rating.
CF-EUROPE-9,ENG-FR-HM7B,thrust_vac,False,62.2 kN [SRC-WIKI-HM7B] | 64.8 kN [SRC-SATNOW-HM7B],64.8 kN likely the ESC-A (Ariane 5) rating; 62.2/62.7 kN Ariane 4. Unconfirmed.
CF-EUROPE-10,ENG-DE-AESTUS,thrust_vac,False,29.6 kN [SRC-WIKI-AESTUS] | 2.7 t (~26.5 kN) [SRC-ESA-EPS],ESA rounding/older rating vs later; unresolved.
CF-EUROPE-11,ENG-DE-AESTUS,pc,False,11 bar [SRC-WIKI-AESTUS] | 10.0 bar [SRC-MECAIND-2020-T1],Possibly early (O/F 2.05) vs later (O/F 1.9) operating point.
CF-EUROPE-12,ENG-DE-AESTUS,of,False,1.9 [SRC-WIKI-AESTUS] | 2.05 [SRC-MECAIND-2020-T1],Summary noted O/F 2.05 'later adjusted'.
CF-EUROPE-13,ENG-DE-AESTUS,mass,False,111 kg [SRC-SATNOW-AESTUS] | 115 kg [SRC-ESA-EPS],Minor.
CF-EUROPE-14,ENG-FR-VIKING-5,thrust_vac,False,"758 kN (Viking 5) [SRC-DLR-VIKING-IMG] | 760.7 kN (Viking 5C, Commons) [SRC-WIKI-VIKING]",Probably same engine (5C) under loose naming; rounding.
CF-EUROPE-15,ENG-FR-VEXIN-B,thrust,False,301.55 kN [SRC-WIKI-DIAMANT] | ~28 t (~275 kN) [SRC-IAC-09-3159] | 273.7 kN [SRC-WIKI-EMERAUDE],Vacuum vs SL or Emeraude vs Diamant A versions.
CF-EUROPE-16,ENG-FR-VALOIS,identity/configuration,True,1 x Valois [SRC-WIKI-DIAMANT] | Valois single engine [SRC-IAC-10-6759] | 4 x Vexin C [SRC-ORBITCODEX-DIAMANTB],Orbit Codex likely wrong; Tier B Rothmund supports Valois.
CF-EUROPE-17,ENG-FR-CORALIE-ENGINE,thrust,False,270 kN [SRC-WIKI-EUROPA] | 262 kN [SRC-DEUTSCHESMUSEUM-EUROPA],Likely vac vs SL; both stage totals.
CF-EUROPE-18,ENG-DE-ASTRIS,thrust,False,23.3 kN vac / 19.6 kN SL [SRC-WIKI-ASTRIS-ENGINE] | 22.56 kN [SRC-DEUTSCHESMUSEUM-EUROPA],Different reference documents.
CF-EUROPE-19,ENG-DE-ASTRIS,manufacturer,False,"Snecma (manufacturer), ERNO (designer) [SRC-WIKI-ASTRIS-ENGINE] | MBB + ERNO (ASAT) [SRC-DEUTSCHESMUSEUM-EUROPA]",Snecma attribution doubtful.
CF-EUROPE-20,ENG-DE-HWK-109-509,thrust,False,~17 kN [SRC-WIKI-HWK109509] | 200-1800 kg variable [SRC-NASM-HWK109509],Variant (A-1 vs A-2) and throttle setting.
CF-EUROPE-21,ENG-DE-HWK-109-509,steam generation catalyst,False,wire-mesh catalyst [SRC-WIKI-HWK109509] | potassium permanganate catalytic chamber [SRC-NASM-HWK109509],Possibly different variants or one source wrong.
CF-EUROPE-22,ENG-DE-BMW-109-718,thrust,False,1250 kg [SRC-WIKI-BMW109718] | 9.8 kN (2200 lbf) [SRC-WARBIRDS-ME262],Also ambiguity whether 1250 kg is rocket alone or 003R combined.
CF-EUROPE-23,ENG-DE-BMW-109-558,thrust,True,3.7 kN then 0.588 kN [SRC-WIKI-BMW109558] | 375 kg falling to 60 kg [SRC-NASM-BMW109558],"Consistent within conversion (375 kgf = 3.68 kN); NASM attributes decline to tank pressure, Wikipedia to regulated profile."
CF-EUROPE-24,ENG-DE-HWK-109-507,thrust,True,590 kgf for 10 s [SRC-WIKI-HWK109507] | 600 -> 400 kg over 10 s [SRC-NASM-HWK109507],Peak vs profile; compatible.
CF-EUROPE-25,ENG-GB-STENTOR,thrust,False,"24,000 lbf (first chamber) [SRC-BCAR-BLUESTEEL] | 20,000 lbf [SRC-WIKI-STENTOR]",Unresolved; possibly altitude vs SL or rated vs max.
CF-EUROPE-26,ENG-GB-SUPER-SPRITE,thrust,False,"4,200 lb [SRC-NASM-SUPERSPRITE] | 4,000 lb [SRC-DHMUSEUM-SPECTRE]",Max vs nominal.
CF-EUROPE-27,ENG-FR-PROMETHEUS,thrust,False,980 kN SL [SRC-WIKI-PROMETHEUS] | 1000 kN (target 1200 kN) [SRC-ESA-PROMETHEUS],Different rating basis/version.
CF-EUROPE-28,ENG-FR-HM7,identity,False,HM7 (history) [SRC-WIKI-HM7B] | HM7-A [SRC-WIKI-ARIANE1],HM7 vs HM7A may be one engine.
CF-EUROPE-29,ENG-DE-A4-ENGINE,naming 'Triebwerk 39 / 39a',False,not mentioned [SRC-ENGINEHISTORY-V2],Brief suggested '39a'; no source seen. Unverified.
CF-ASIA_OTHER-1,ENG-JP-LE-7A,pc,False,121 bar (1750 psi) [SRC-AIAA-VG-H2A] | 12.0 MPa [SRC-WIKI-LE7],Small difference; possibly rounding or different reference point (nominal vs max).
CF-ASIA_OTHER-2,ENG-JP-LE-7A,isp_vac,False,429 s short nozzle / 442 s long nozzle [SRC-WIKI-LE7] | 440 s [SRC-MHI-LE7A],MHI figure nozzle version unstated.
CF-ASIA_OTHER-3,ENG-JP-LE-9,pc,True,10.0 MPa (current) [SRC-WIKI-LE9] | 12.4 MPa (archived development-era snapshot) [SRC-WIKI-LE9],Design changed during development; current value 10.0 MPa.
CF-ASIA_OTHER-4,ENG-JP-LE-9,isp_vac,False,426 s [SRC-WIKI-LE9] | 425 s [SRC-MHI-LE9] | 432 s (dev-era snapshot) [SRC-WIKI-LE9],Rounding / design evolution.
CF-ASIA_OTHER-5,ENG-JP-LE-5B-3,thrust_vac,True,137 kN [SRC-WIKI-LE5] | 14 ton [SRC-MHI-LE5B],14 tf = 137.3 kN; consistent. LE-5B-3 vac thrust lower than LE-5B-2's 144.9 kN in Wikipedia table — possible table mixing; verify.
CF-ASIA_OTHER-6,ENG-CN-YF-1,chambers,False,YF-1 single chamber; YF-2 = 4×YF-1 module [SRC-WIKI-YF1] | CZ-1 stage 1 'YF-1'/'YF-2A' naming not resolved [SRC-WIKI-CZ1],Module vs single-engine naming in CZ-1/DF-3 first stage unresolved.
CF-ASIA_OTHER-7,ENG-CN-YF-23,thrust_vac,False,47.1 kN [SRC-WIKI-YF23] | 46.1 kN [SRC-GS-CZ2D],Different variants (YF-23 vs YF-23B/C) or rounding.
CF-ASIA_OTHER-8,ENG-CN-YF-40,thrust_vac,False,"103 kN [SRC-WIKI-YF40] | 100.85 kN (stage 3 max, '2 YF-40') [SRC-WIKI-CZ4B] | just over 100 kN each engine (YF-40A) [SRC-EDA-CZ4C]",Unclear whether ~100 kN is per two-chamber unit or per stage.
CF-ASIA_OTHER-9,ENG-CN-YF-73,first_flight,False,1984-01-29 (main article) [SRC-WIKI-YF73] | 1987-01-29 (mirror copies) [SRC-WIKI-YF73],Mirror error likely; CZ-3 first flew 1984.
CF-ASIA_OTHER-10,ENG-CN-YF-75D,thrust_vac,False,"88.36 kN, 442.6 s, 780 s [SRC-WIKI-YF75D] | 88.26 kN, 442 s, 470 s (older) [SRC-WEBLIO-YF75D]",Older ja.wiki values; EN newer.
CF-ASIA_OTHER-11,ENG-CN-YF-77,isp,False,430 s vac / 310.2 s SL [SRC-WIKI-YF77] | 438 s vac / 333 s SL [SRC-WEBLIO-YF77],EN vs JA Wikipedia; no primary seen.
CF-ASIA_OTHER-12,ENG-CN-YF-115,thrust_vac,False,"17,850 kgf (=175.0 kN) [SRC-SF101-CZ6] | 176.5 kN [SRC-WIKI-YF115] | '180 kN' class (title) [SRC-IAC16-YF115]",Class designation vs rated value.
CF-ASIA_OTHER-13,ENG-CN-TQ-12,isp_vac,True,337 s (SL-nozzle engine) [SRC-WIKI-TQ12] | 350 s (vacuum version) [SRC-NCSTI-2023-TQ],Different nozzle versions.
CF-ASIA_OTHER-14,ENG-CN-TQ-15A,throttle,False,60–100% design range; +11.8% thrust; +126 m/s Isp [SRC-BJNEWS-TQ15A] | 55–110%; +9% thrust; +130 m/s Isp [SRC-JIEMIAN-TQ],Different baselines / reporting.
CF-ASIA_OTHER-15,ENG-CN-TH-12,thrust_sl,False,"95 t [SRC-SPACEPIONEER-TH12] | 1,090 kN (=111 t) [SRC-WIKI-TH12] | 110 t design [SRC-ITHOME-655315]",Manufacturer page vs design target.
CF-ASIA_OTHER-16,ENG-CN-TH-12,cycle,False,oxidizer-rich gas generator [SRC-WIKI-TH12] | gas generator (TH-12V page) [SRC-SPACEPIONEER-TH12V],'Oxidizer-rich' GG wording unusual for kerolox; unresolved.
CF-SPACECRAFT-1,ENG-US-AJ10-137,thrust_vac,False,"20,000 lbf [SRC-NTRS-20100027319] | 20,500 lbf (commonly quoted; not seen this session) [SRC-WIKI-AJ10]","SPS rated thrust commonly cited both as 20,000 and 20,500 lbf (91 kN). Need TN D-7375 text."
CF-SPACECRAFT-2,ENG-US-R-4D,thrust_vac,True,100 lbf [SRC-NASA-TND7151] | 110 lbf (490 N) [SRC-WIKI-R4D],"100 lbf is Apollo-era rating; 110 lbf/490 N is R-4D-11 rating. Variant mixing, not true conflict."
CF-SPACECRAFT-3,ENG-US-AJ10-190,isp_vac,False,316 s [SRC-WIKI-OMS] | 313 s (Category page) [SRC-WIKI-OMS],Isp 313 vs 316 s across wiki pages; Tier A needed.
CF-SPACECRAFT-4,ENG-US-OMS-E-ORION-ESM,heritage_last_flight,False,STS-112 (2002) [SRC-NTRS-20240003648] | 2011 on Atlantis (blog) [SRC-ESA-BLOG-ART2ENG],ESA blog statement about last flight conflicts with NASA paper; possibly blog refers to different unit (Artemis II engine from Atlantis).
CF-SPACECRAFT-5,ENG-US-R-42,mass,False,~4.53 kg [SRC-L3H-BIPROP-2023] | ~6.58 kg [SRC-L3H-BIPROP-2024],Spec sheet revisions disagree; may reflect valve/configuration change or a summarisation error.
CF-SPACECRAFT-6,ENG-US-R-40B,mass,False,~10.5 kg [SRC-L3H-BIPROP-2023] | ~15.9 kg [SRC-L3H-BIPROP-2024],Spec sheet revisions disagree.
CF-SPACECRAFT-7,ENG-US-MR-103J,thrust_range,False,upper 1.13 N [SRC-L3H-MONO-2023] | upper 1.19 N [SRC-L3H-MONO-2025],Spec sheet revisions differ slightly.
CF-SPACECRAFT-8,ENG-US-MR-111G,thrust_range,False,1.8-4.9 N [SRC-L3H-MONO-2023] | 0.9-5.7 N [SRC-L3H-MONO-2025],Different inlet-pressure qualification envelope in newer sheet (likely).
CF-SPACECRAFT-9,ENG-US-MR-107N,chamber_count_on_vehicle,False,12 MR-107N 300 N for landing [SRC-AIRPORTTECH-PHX] | eight engines [SRC-NBC-PHX],Phoenix descent engine count unresolved; 12 commonly cited for pulsed descent engines; NBC 'eight' may refer to other thrusters. Needs JPL/LM doc.
CF-ORCH_VERIFY-1,ENG-US-F-1,thrust_sl rating epoch,False,"1,522,000 lbf per engine on AS-501 (Apollo 4) [SRC-TDIA-APOLLO4] | uprate between SA-503 and SA-504 [SRC-COSMOQUEST-17618] | 1,522,000 lbf for SA-504 and later [SRC-APOLLOMANIACS-F1]",Orchestrator cross-check. The MSFC caption (us_hist branch) says uprated after the third Saturn V launch; the AS-501 attribution of 1.522 Mlbf conflicts with that. A forum claim of ~1.579 Mlbf for J missions is unconfirmed. Resolve against SP-4206 or Rocketdyne data.
CF-ORCH_VERIFY-2,ENG-US-SSME-BLOCK-II,nozzle.area_ratio,False,"77.5:1 [SRC-NTRS-19920006659] | 77.5:1 (1989 and 1998 entries) [SRC-PURDUE-SSME] | throat 10.3 in, exit 90.7 in -> (90.7/10.3)^2 = 77.5 (DERIVED) [SRC-PATENT-US6568171]",Orchestrator cross-check of the r2_us_classic finding that the large-throat MCC reduced the ratio from 77.5 to 69.5 (1986 NASA study). Independent search found 77.5 widely and 69:1 only in the Wikipedia infobox for RS-25D at 109%. The large-throat explanation remains single-source; keep both values attached to their configurations.
CF-TAXONOMY-TAX-1,ENG-US-BE-3U,cycle,False,open expander [SRC-WIKI-BE3U] | expander bleed [SRC-WIKI-BE3U],Likely terminology rather than hardware disagreement: 'open expander' and 'expander bleed' are used interchangeably in some literature (see TAXONOMY_NOTES section B.3). Needs a Blue Origin primary statement.
CF-TAXONOMY-TAX-2,ENG-JP-LE-9,isp_vac,False,426 s [SRC-WIKI-LE9] | 425 s [SRC-IAC-LE9-2017],Design-point revision between papers vs encyclopedia; 1 s.
CF-TAXONOMY-TAX-3,ENG-US-IPD,programme dates,True,"engine tests 2006, 100% power [SRC-SFN-IPD-2006] | integrated engine testing to begin late 2004 [SRC-NTRS-IPD-WPB]",Plan vs achieved schedule; not a factual conflict about hardware.
CF-TAXONOMY-TAX-4,ENG-SU-RD-270,cancellation year,False,"development 1960-1970; cancelled during testing [SRC-WIKI-RD270] | 1968 (in one comparison table, per summary) [SRC-WIKI-RD270]",Encyclopedic sources disagree; Russian primary (Energomash history) needed.
CF-TAXONOMY-TAX-5,ENG-US-J-2S,development dates,False,started 1964; tests 1965-1972 [SRC-SECRETPROJ-J2DERIV] | first successfully tested 1969 [SRC-WIKI-TAPOFF],Different events (programme start vs first full test); need NTRS J-2S reports.
CF-TAXONOMY-TAX-6,ENG-US-DELPHIN,thrust_sl,False,"6,300 lbf [SRC-ASTRA-R31-PRESSKIT] | 6,500 lbf [SRC-ASTRA-R31-PRESSKIT] | ~29 kN [SRC-WIKI-ASTRA-ROCKET]","Probably vehicle-version evolution, not a conflict; keep per-version values."
CF-TAXONOMY-TAX-7,ENG-US-ROTON-ROTARY-ENGINE,chamber count,False,'dozens' [SRC-FLIGHTGLOBAL-ROTON] | larger specific number (reported as 192 in one summary; unverified) [SRC-WIKI-ROTARYROCKET],Design iterated; no primary source.
CF-TAXONOMY-TAX-8,ENG-US-RAPTOR,vehicle tank pressurization,False,autogenous; later LOX tank via preburner exhaust [SRC-MANIFOLD-STARSHIP] | helium after SN10 [SRC-WCCFTECH-SN10],"Vehicle-level, time-varying, only Tier E sources. Do not record as engine attribute."
CF-ANCHOR_US_MODERN-1,ENG-US-BE-4,thrust_sl,False,"640,000 lbf (2,846 kN) [SRC-BLUE-ENGINES-PAGE] | 550,000 lbf [SRC-BLUE-PRESS-BE4-EARLY]","Most likely a dated rating change (uprate), not an error; dates of each claim not captured."
CF-ANCHOR_US_MODERN-2,ENG-US-BE-3U,thrust_vac,False,"200,000 lbf [SRC-BLUE-ENGINES-PAGE] | 173,000 lbf [SRC-BLUE-PRESS-BE3U-UPDATES] | 160,000 lbf each [SRC-BLUE-PRESS-BE3U-UPDATES] | stage total 320,000 -> 400,000 lbf (two engines) [SRC-BLUE-PRESS-BE3U-UPDATES]","Successive ratings; 400,000/2 = 200,000 lbf (DERIVED) is consistent with the engines page, 320,000/2 = 160,000 lbf with the 'each' value. 173,000 lbf unexplained."
CF-ANCHOR_US_MODERN-3,ENG-US-BE-3U,cycle,False,open expander [SRC-BLUE-ENGINES-PAGE] | open expander vs expander bleed (revisions differ) [SRC-WIKI-BE3],Possibly a naming difference for the same cycle (open/bleed expander) rather than a technical disagreement; needs a primary technical description.
CF-ANCHOR_US_MODERN-4,ENG-NZ-RUTHERFORD-VACUUM,thrust_vac,False,"5,800 lbf, 343 s [SRC-ROCKETLAB-UPDATES] | 24 kN (5,500 lbf), 343 s [SRC-ROCKETLAB-UPDATES]","Dated uprate. Also internal rounding: 5,500 lbf = 24.47 kN (DERIVED) vs printed 24 kN."
CF-ANCHOR_US_MODERN-5,ENG-NZ-RUTHERFORD,thrust_sl,True,"5,600 lbf [SRC-ROCKETLAB-UPDATES] | 5,500 lbf [SRC-ROCKETLAB-UPDATES]",Dated uprate.
CF-ANCHOR_US_MODERN-6,ENG-US-LMDE,identity.report_number,False,"NTRS 19730011150 (TN number not shown in snippet) [SRC-NASA-TND7143] | NASA TN D-7143, October 1972 [SRC-SAE-730941]",Not a contradiction; the TN number is attested only by a secondary citation. Orchestrator prompt guessed 'TN D-6837' — no support found for that number.
CF-ANCHOR_USSR-1,ENG-RU-RD-180,performance.pc,False,3722 psia (25.66 MPa derived) [SRC-SFN-RD180-2000] | 3734 psia (25.75 MPa derived) [SRC-PURDUE-RD180] | 261 kgf/cm2 (25.6 MPa derived) [SRC-SNOB-172276],"Spread ~0.6%. Possible causes: abs vs gauge, injector-face vs nozzle stagnation, rounding, unit conversion of 26.7 MPa-class figure. Task prompt also mentions a 26.7 MPa claim, not seen in this run."
CF-ANCHOR_USSR-2,ENG-SU-RD-170,performance.pc,True,266.7 bar [SRC-NAKEDSCI-RAPTOR] | >280 bar (claimed ~10% margin) [SRC-SNOB-172276],Not a true conflict: rated value vs design-margin claim. Recorded so the margin claim is not ingested as rated Pc.
CF-ANCHOR_USSR-3,ENG-RU-RD-180,performance.throttle_range,False,47%-100% [SRC-SFN-RD180-2002] | 40 to 100 percent continuous throttling [SRC-SFN-RD180-2002] | 100-47% [SRC-GLAVKOSMOS-RD180],40% may be an early/marketing figure or a different definition; 47% is corroborated by Glavkosmos.
CF-ANCHOR_USSR-4,ENG-RU-RD-180,nozzle.area_ratio,False,36.87 [SRC-SFN-RD180-2000] | 36.4 [SRC-PURDUE-RD180],Search summary said 'one source / another' without naming which; pairing is a best guess.
CF-ANCHOR_USSR-5,ENG-RU-RD-180,propellants.mixture_ratio,False,2.72 [SRC-SFN-RD180-2000] | 2.6 [SRC-PURDUE-RD180],"Possibly engine O/F vs chamber O/F, or rounding. Pairing ambiguous."
CF-ANCHOR_USSR-6,ENG-RU-RD-180,mechanical.mass,False,"11,675 lb ('weight') [SRC-PURDUE-RD180] | 5,480 kg dry (12,081 lb derived) [SRC-GLAVKOSMOS-RD180]",~3.5% difference; likely different mass definitions or versions.
CF-ANCHOR_USSR-7,ENG-RU-RD-180,performance.thrust_sl / thrust_vac,False,"860,200 lb SL / 933,400 lb vac [SRC-SFN-RD180-2000] | 860,400 lb SL / 933,000 lb vac [SRC-PURDUE-RD180]",Rounding-level (<0.05%) differences.
CF-ANCHOR_EU_ASIA-1,ENG-FR-VULCAIN-2,thrust_vac,False,1390 kN [SRC-CNES-A5-TECH] | 1359 kN [SRC-AIAA-VG-ARIANE] | 1359 kN (infobox) and 1340 kN (comparison table) [SRC-WIKI-VULCAIN] | ~137-138 t (search-summary paraphrase) [SRC-ESA-A5ECA-NEWELEM],"Likely different conventions (nominal vs max, ECA flight vs qualification, rounding). Primary datasheet not reached."
CF-ANCHOR_EU_ASIA-2,ENG-FR-VULCAIN-2,pc,False,117.3 bar [SRC-WIKI-VULCAIN] | 115 bar [SRC-MECAIND-2020-T1] | 115 bar [SRC-CLASSICISTRANIERI-VULCAIN],Gauge/abs or station (injector vs nozzle stagnation) not stated; nominal vs max unknown.
CF-ANCHOR_EU_ASIA-3,ENG-FR-VULCAIN-2,area_ratio,False,58.2 (infobox); 60:1 (comparison table) [SRC-WIKI-VULCAIN] | 58.5 [SRC-MECAIND-2020-T1],Rounding or geometric-definition difference; unresolved.
CF-ANCHOR_EU_ASIA-4,ENG-FR-VULCAIN-2,mdot_fuel (LH2) and variant attribution,False,41.2 kg/s H2 of 235 kg/s total (page titled 'Vulcain engine') [SRC-ESA-ESAMI-VULCAIN] | 33 kg/s H2 [SRC-HF-SPACEYL-ENGINES],"The ESA esaMI page values may belong to Vulcain 1, not Vulcain 2; HF dataset is unsourced. Not attached to Vulcain 2 anchor as assertions of fact."
CF-ANCHOR_EU_ASIA-5,ENG-FR-HM7B,thrust_vac,False,67 kN [SRC-CNES-A5-TECH] | 62.2 kN [SRC-AIAA-VG-ARIANE] | 64.8 kN [SRC-SATNOW-HM7B],Probably variant/application differences (Ariane 1-4 H10 vs Ariane 5 ESC-A; nozzle extension differences) - not separated by sources seen.
CF-ANCHOR_EU_ASIA-6,ENG-FR-HM7B,pc,False,3.7 MPa (infobox); text: raised from 30 to 35 bar [SRC-WIKI-HM7B] | 35.3 bar [SRC-LLMPEDIA-HM7B],HM7 vs HM7B and per-application values conflated; unresolved.
CF-ANCHOR_EU_ASIA-7,ENG-FR-HM7B,burn_time,False,950 s [SRC-AIAA-VG-ARIANE] | up to 15 min 45 s (945 s) [SRC-CNES-A5-TECH],5 s difference; rounding or mission-dependent.
